electrode,aws_class,diameter_in,current,amps_min,amps_max,amps_optimum,note,source_name,source_url,accessed
Hobart 335A,E6011,3/32,AC or DCEP,60,90,60,Maker: reduce amperage ~15% out of position,Hobart 335A data sheet,https://www.hobartbrothers.com/wp-content/uploads/hobart-catalog/datasheets/Hobart335A.pdf,2026-10-10
Hobart 335A,E6011,1/8,AC or DCEP,80,125,100,Maker: reduce amperage ~15% out of position,Hobart 335A data sheet,https://www.hobartbrothers.com/wp-content/uploads/hobart-catalog/datasheets/Hobart335A.pdf,2026-10-10
Hobart 335A,E6011,5/32,AC or DCEP,130,160,140,Maker: reduce amperage ~15% out of position,Hobart 335A data sheet,https://www.hobartbrothers.com/wp-content/uploads/hobart-catalog/datasheets/Hobart335A.pdf,2026-10-10
Hobart 335A,E6011,3/16,AC or DCEP,160,190,180,Maker: reduce amperage ~15% out of position,Hobart 335A data sheet,https://www.hobartbrothers.com/wp-content/uploads/hobart-catalog/datasheets/Hobart335A.pdf,2026-10-10
Hobart 418,E7018 H4R / E7018-1 H4R,3/32,DCEP or AC,75,100,90,Maker: reduce amperage ~15% out of position,Hobart 418 data sheet,https://www.hobartbrothers.com/wp-content/uploads/hobart-catalog/datasheets/Hobart418.pdf,2026-10-10
Hobart 418,E7018 H4R / E7018-1 H4R,1/8,DCEP or AC,90,150,130,Maker: reduce amperage ~15% out of position,Hobart 418 data sheet,https://www.hobartbrothers.com/wp-content/uploads/hobart-catalog/datasheets/Hobart418.pdf,2026-10-10
Hobart 418,E7018 H4R / E7018-1 H4R,5/32,DCEP or AC,110,230,170,Maker: reduce amperage ~15% out of position,Hobart 418 data sheet,https://www.hobartbrothers.com/wp-content/uploads/hobart-catalog/datasheets/Hobart418.pdf,2026-10-10
Hobart 418,E7018 H4R / E7018-1 H4R,3/16,DCEP or AC,150,300,220,Maker: reduce amperage ~15% out of position,Hobart 418 data sheet,https://www.hobartbrothers.com/wp-content/uploads/hobart-catalog/datasheets/Hobart418.pdf,2026-10-10
Hobart 418,E7018 H4R / E7018-1 H4R,1/4,DCEP or AC,270,380,340,Maker: reduce amperage ~15% out of position,Hobart 418 data sheet,https://www.hobartbrothers.com/wp-content/uploads/hobart-catalog/datasheets/Hobart418.pdf,2026-10-10
Hobart 447A,E6013,3/32,"AC, DCEN or DCEP",40,80,70,Maker: reduce amperage ~15% out of position,Hobart 447A data sheet,https://www.hobartbrothers.com/wp-content/uploads/hobart-catalog/datasheets/Hobart447A.pdf,2026-10-10
Hobart 447A,E6013,1/8,"AC, DCEN or DCEP",70,120,100,Maker: reduce amperage ~15% out of position,Hobart 447A data sheet,https://www.hobartbrothers.com/wp-content/uploads/hobart-catalog/datasheets/Hobart447A.pdf,2026-10-10
Hobart 447A,E6013,5/32,"AC, DCEN or DCEP",130,160,150,Maker: reduce amperage ~15% out of position,Hobart 447A data sheet,https://www.hobartbrothers.com/wp-content/uploads/hobart-catalog/datasheets/Hobart447A.pdf,2026-10-10
Hobart 12,E6012,1/8,DCEN or AC,75,130,120,Maker: reduce amperage ~15% out of position,Hobart 12 data sheet,https://www.hobartbrothers.com/wp-content/uploads/hobart-catalog/datasheets/Hobart12.pdf,2026-10-10
Hobart 12,E6012,5/32,DCEN or AC,120,200,180,Maker: reduce amperage ~15% out of position,Hobart 12 data sheet,https://www.hobartbrothers.com/wp-content/uploads/hobart-catalog/datasheets/Hobart12.pdf,2026-10-10
Hobart 12,E6012,3/16,DCEN or AC,150,250,200,Maker: reduce amperage ~15% out of position,Hobart 12 data sheet,https://www.hobartbrothers.com/wp-content/uploads/hobart-catalog/datasheets/Hobart12.pdf,2026-10-10
