Model,Process,Input voltage,Output amperage range,Rated duty cycle at stated amps,Source,Source URL,Accessed
Hobart Handler 140,Wire feed (MIG gun; solid wire and flux-cored wire),115 V,25–140 A,"90 A at 18.5 VDC, 20% duty cycle",Handler 140 spec sheet,https://www.weldingsuppliesfromioc.com/cdn/shop/files/Hobart_Handler_140_spec.pdf,2026-10-06
Hobart Handler 190,"MIG (GMAW), flux-cored (FCAW)","230 V, 60 Hz, single-phase",25 − 190,"130 A @ 21.5 Volts DC, 30% Duty Cycle",Handler 190 owner’s manual,https://contenthub.itwwelding.com/api/public/content/hobart-welding-products/owners-manual/561916-o260273f_hob.pdf,2026-10-06
Miller Millermatic 141,"MIG (GMAW), flux-cored (FCAW)","120 V, 20 A, single-phase, 60 Hz",30–140 A,"90 A at 18.5 VDC, 20% duty cycle; 40 A at 16 VDC, 100% duty cycle",Millermatic 141 spec sheet,https://contenthub.itwwelding.com/api/public/content/miller-electric-mfg-llc/spec-sheet/PIM/d1d7b9-dc12-42.pdf,2026-10-06
Miller Millermatic 142,"MIG (GMAW), flux-cored (FCAW)","120 V, 20 A, single-phase, 50/60 Hz",30 – 140 A,"100 A at 19 V, 60% duty cycle; 80 A at 18 VDC, 100% duty cycle",Millermatic 142 spec sheet,https://contenthub.itwwelding.com/api/public/content/miller-electric-mfg-llc/spec-sheet/PIM/4877d6-dc12-41.pdf,2026-10-06
Miller Millermatic 211,"MIG (GMAW), flux-cored (FCAW)",120 V,30–130 A,"115 A at 19.8 VDC, 20% duty cycle",Millermatic 211 spec sheet,https://contenthub.itwwelding.com/api/public/content/miller-electric-mfg-llc/spec-sheet/PIM/ec445c-dc12-58.pdf,2026-10-06
Miller Millermatic 211,"MIG (GMAW), flux-cored (FCAW)",240 V,30–230 A,"150 A at 21.5 VDC, 40% duty cycle",Millermatic 211 spec sheet,https://contenthub.itwwelding.com/api/public/content/miller-electric-mfg-llc/spec-sheet/PIM/ec445c-dc12-58.pdf,2026-10-06
Miller Millermatic 252,"MIG (GMAW), flux-cored (FCAW)","208/240 V, single-phase, 60 Hz",30–300 A,"200 A at 24 VDC, 60% duty cycle; 250 A at 26.5 VDC, 40% duty cycle",Millermatic 252 spec sheet,https://contenthub.itwwelding.com/api/public/content/miller-electric-mfg-llc/spec-sheet/PIM/9022a4-dc12-49.pdf,2026-10-06
Miller Millermatic 252,"MIG (GMAW), flux-cored (FCAW)","230/460/575 V, single-phase, 60 Hz",30–300 A,"200 A at 24 VDC, 60% duty cycle; 250 A at 26.5 VDC, 40% duty cycle",Millermatic 252 spec sheet,https://contenthub.itwwelding.com/api/public/content/miller-electric-mfg-llc/spec-sheet/PIM/9022a4-dc12-49.pdf,2026-10-06
Miller Multimatic 215,CV: MIG/flux-cored,120 V,30–125 A,"110 A at 19.5 V, 60% duty cycle",Multimatic 215 spec sheet,https://contenthub.itwwelding.com/api/public/content/miller-electric-mfg-llc/spec-sheet/PIM/5e3805-dc12-59.pdf,2026-10-06
Miller Multimatic 215,CV: MIG/flux-cored,240 V,30–230 A,"200 A at 24 V, 20% duty cycle; 150 A at 21.5 V, 40% duty cycle",Multimatic 215 spec sheet,https://contenthub.itwwelding.com/api/public/content/miller-electric-mfg-llc/spec-sheet/PIM/5e3805-dc12-59.pdf,2026-10-06
Miller Multimatic 215,CC: TIG,120 V,20–150 A,"140 A at 15.6 V, 40% duty cycle",Multimatic 215 spec sheet,https://contenthub.itwwelding.com/api/public/content/miller-electric-mfg-llc/spec-sheet/PIM/5e3805-dc12-59.pdf,2026-10-06
Miller Multimatic 215,CC: TIG,240 V,20–210 A,"190 A at 17.6 V, 20% duty cycle",Multimatic 215 spec sheet,https://contenthub.itwwelding.com/api/public/content/miller-electric-mfg-llc/spec-sheet/PIM/5e3805-dc12-59.pdf,2026-10-06
Miller Multimatic 215,CC: Stick (not recommended for 6010 electrodes),120 V,30–100 A,"90 A at 23.6 V, 40% duty cycle",Multimatic 215 spec sheet,https://contenthub.itwwelding.com/api/public/content/miller-electric-mfg-llc/spec-sheet/PIM/5e3805-dc12-59.pdf,2026-10-06
Miller Multimatic 215,CC: Stick (not recommended for 6010 electrodes),240 V,30–200 A,"190 A at 27.6 V, 20% duty cycle",Multimatic 215 spec sheet,https://contenthub.itwwelding.com/api/public/content/miller-electric-mfg-llc/spec-sheet/PIM/5e3805-dc12-59.pdf,2026-10-06
Miller Multimatic 215 PRO,CV: MIG/flux-cored,120 V,30 – 140 A,"110 A at 19.5 VDC, 60% duty cycle",Multimatic 215 PRO spec sheet,https://contenthub.itwwelding.com/api/public/content/miller-electric-mfg-llc/spec-sheet/PIM/4b92ec-dc13-5.pdf,2026-10-06
Miller Multimatic 215 PRO,CV: MIG/flux-cored,240 V,30 – 230 A,"160 A at 22 VDC, 60% duty cycle; 215 A at 24.8 VDC, 30% duty cycle",Multimatic 215 PRO spec sheet,https://contenthub.itwwelding.com/api/public/content/miller-electric-mfg-llc/spec-sheet/PIM/4b92ec-dc13-5.pdf,2026-10-06
Miller Multimatic 215 PRO,CC: TIG,120 V,20 – 150 A,"140 A at 15.6 VDC, 40% duty cycle",Multimatic 215 PRO spec sheet,https://contenthub.itwwelding.com/api/public/content/miller-electric-mfg-llc/spec-sheet/PIM/4b92ec-dc13-5.pdf,2026-10-06
Miller Multimatic 215 PRO,CC: TIG,240 V,20 – 210 A,"190 A at 17.6 VDC, 20% duty cycle",Multimatic 215 PRO spec sheet,https://contenthub.itwwelding.com/api/public/content/miller-electric-mfg-llc/spec-sheet/PIM/4b92ec-dc13-5.pdf,2026-10-06
Miller Multimatic 215 PRO,CC: Stick (not recommended for 6010 electrodes),120 V,30 – 100 A,"95 A at 23.8 VDC, 40% duty cycle",Multimatic 215 PRO spec sheet,https://contenthub.itwwelding.com/api/public/content/miller-electric-mfg-llc/spec-sheet/PIM/4b92ec-dc13-5.pdf,2026-10-06
Miller Multimatic 215 PRO,CC: Stick (not recommended for 6010 electrodes),240 V,30 – 200 A,"190 A at 27.6 VDC, 20% duty cycle",Multimatic 215 PRO spec sheet,https://contenthub.itwwelding.com/api/public/content/miller-electric-mfg-llc/spec-sheet/PIM/4b92ec-dc13-5.pdf,2026-10-06
Lincoln Power MIG 210 MP (K3963-1),MIG,120/1/60,20-140 Amps DC,100A/19.0V/40%,"Power MIG 210 MP product info, publication E7.50",https://www.weldersupply.com/Content/files/ProductPDFs/LincolnElectric/PowerMIG210MPProductInfo.pdf,2026-10-06
Lincoln Power MIG 210 MP (K3963-1),MIG,230/1/60,20-220 Amps DC,200A/24V/25%,"Power MIG 210 MP product info, publication E7.50",https://www.weldersupply.com/Content/files/ProductPDFs/LincolnElectric/PowerMIG210MPProductInfo.pdf,2026-10-06
Lincoln Square Wave TIG 200 (K5126-1),TIG,120/1/50/60,10-125A,125A/25% (sheet note: 120V AC TIG 110A/25%); 100A/40%; 85A/60%,"Square Wave TIG 200 literature, publication E3.38",https://www.weldershelper.com/weldershelper.com/powerware2/spec-sheets/K5126-1.pdf,2026-10-06
Lincoln Square Wave TIG 200 (K5126-1),Stick,120/1/50/60,10-90A,75A/20%; 65A/60%,"Square Wave TIG 200 literature, publication E3.38",https://www.weldershelper.com/weldershelper.com/powerware2/spec-sheets/K5126-1.pdf,2026-10-06
Lincoln Square Wave TIG 200 (K5126-1),TIG,230/1/50/60,10-200A,200A/25%; 160A/40%; 130A/60%,"Square Wave TIG 200 literature, publication E3.38",https://www.weldershelper.com/weldershelper.com/powerware2/spec-sheets/K5126-1.pdf,2026-10-06
Lincoln Square Wave TIG 200 (K5126-1),Stick,230/1/50/60,10-170A,170A/20%; 100A/60%,"Square Wave TIG 200 literature, publication E3.38",https://www.weldershelper.com/weldershelper.com/powerware2/spec-sheets/K5126-1.pdf,2026-10-06
ESAB Rebel EMP 215ic,MIG (GMAW),120 VAC,5 – 150 A,130 A/20.5 V (120 V) @ 20% Duty Cycle,Rebel EMP 215ic specification sheet,https://econtent.adhq.com/dam/Original/10000/ESAB_558102240_Specification_Sheet.pdf,2026-10-06
ESAB Rebel EMP 215ic,MIG (GMAW),208/230 VAC,5 – 240 A,205 A/24.3 V (230 V) @ 25% Duty Cycle,Rebel EMP 215ic specification sheet,https://econtent.adhq.com/dam/Original/10000/ESAB_558102240_Specification_Sheet.pdf,2026-10-06
ESAB Rebel EMP 215ic,STICK (SMAW),120 VAC,5 – 150 A,90 A/23.6 V (120 V) @ 40% Duty Cycle,Rebel EMP 215ic specification sheet,https://econtent.adhq.com/dam/Original/10000/ESAB_558102240_Specification_Sheet.pdf,2026-10-06
ESAB Rebel EMP 215ic,STICK (SMAW),208/230 VAC,5 – 240 A,180 A/27.2 V (230 V) @ 25% Duty Cycle,Rebel EMP 215ic specification sheet,https://econtent.adhq.com/dam/Original/10000/ESAB_558102240_Specification_Sheet.pdf,2026-10-06
ESAB Rebel EMP 215ic,TIG (GTAW),120 VAC,5 – 150 A,130 A/15.2 V (120 V) @ 40% Duty Cycle,Rebel EMP 215ic specification sheet,https://econtent.adhq.com/dam/Original/10000/ESAB_558102240_Specification_Sheet.pdf,2026-10-06
ESAB Rebel EMP 215ic,TIG (GTAW),208/230 VAC,5 – 240 A,180 A/17.2 V (230 V) @ 30% Duty Cycle,Rebel EMP 215ic specification sheet,https://econtent.adhq.com/dam/Original/10000/ESAB_558102240_Specification_Sheet.pdf,2026-10-06
